<?xml version="1.0" encoding="UTF-8" standalone="yes"?>
<a:clrScheme xmlns:a="http://schemas.openxmlformats.org/drawingml/2006/main" name="BC04"><a:dk1><a:srgbClr val="454752"/></a:dk1><a:lt1><a:srgbClr val="FEFFFE"/></a:lt1><a:dk2><a:srgbClr val="64687C"/></a:dk2><a:lt2><a:srgbClr val="E9ECEE"/></a:lt2><a:accent1><a:srgbClr val="FE4D3F"/></a:accent1><a:accent2><a:srgbClr val="FE4D3E"/></a:accent2><a:accent3><a:srgbClr val="FE4D3F"/></a:accent3><a:accent4><a:srgbClr val="FF4C3F"/></a:accent4><a:accent5><a:srgbClr val="C5C4CA"/></a:accent5><a:accent6><a:srgbClr val="C4C6CA"/></a:accent6><a:hlink><a:srgbClr val="63697C"/></a:hlink><a:folHlink><a:srgbClr val="C4C5CC"/></a:folHlink></a:clrScheme>